"","year","air_temp.min","air_temp.max","air_temp.avg","dew_point.min","dew_point.max","dew_point.avg","relative_humidity.min","relative_humidity.max","relative_humidity.avg","station"
"1","1926-01-01", -8.90000000, -6.70000000, -7.60000000,NA,NA,NA,NA,NA,NA,"228020-99999-1926"
"2","1926-01-02",-11.10000000, -9.40000000,-10.16666667,NA,NA,NA,NA,NA,NA,"228020-99999-1926"
"3","1926-01-03", -5.00000000, -4.40000000, -4.60000000,NA,NA,NA,NA,NA,NA,"228020-99999-1926"
"4","1926-01-04",-10.00000000, -7.80000000, -9.06666667,NA,NA,NA,NA,NA,NA,"228020-99999-1926"
"5","1926-01-05",-10.60000000, -8.90000000, -9.83333333,NA,NA,NA,NA,NA,NA,"228020-99999-1926"
"6","1926-01-06",-26.70000000,-18.90000000,-21.66666667,NA,NA,NA,NA,NA,NA,"228020-99999-1926"
"7","1926-01-07",-22.80000000,-12.20000000,-18.33333333,NA,NA,NA,NA,NA,NA,"228020-99999-1926"
"8","1926-01-08",-22.20000000,-17.20000000,-18.86666667,NA,NA,NA,NA,NA,NA,"228020-99999-1926"
"9","1926-01-09",-31.70000000,-25.00000000,-27.43333333,NA,NA,NA,NA,NA,NA,"228020-99999-1926"
"10","1926-01-10",-33.90000000,-29.40000000,-32.20000000,NA,NA,NA,NA,NA,NA,"228020-99999-1926"
"11","1926-01-11",-33.90000000,-18.30000000,-25.00000000,NA,NA,NA,NA,NA,NA,"228020-99999-1926"
"12","1926-01-12",-15.00000000,-13.90000000,-14.43333333,NA,NA,NA,NA,NA,NA,"228020-99999-1926"
"13","1926-01-13",-21.10000000,-13.30000000,-16.10000000,NA,NA,NA,NA,NA,NA,"228020-99999-1926"
"14","1926-01-14",-19.40000000,-13.90000000,-17.40000000,NA,NA,NA,NA,NA,NA,"228020-99999-1926"
"15","1926-01-15",-22.80000000,-16.70000000,-19.46666667,NA,NA,NA,NA,NA,NA,"228020-99999-1926"
"16","1926-01-16",-15.60000000,-13.90000000,-14.83333333,NA,NA,NA,NA,NA,NA,"228020-99999-1926"
"17","1926-01-17",-16.10000000,-11.70000000,-14.06666667,NA,NA,NA,NA,NA,NA,"228020-99999-1926"
"18","1926-01-18",-10.00000000, -7.80000000, -9.26666667,NA,NA,NA,NA,NA,NA,"228020-99999-1926"
"19","1926-01-19",-15.60000000,-10.00000000,-11.86666667,NA,NA,NA,NA,NA,NA,"228020-99999-1926"
"20","1926-01-20",-19.40000000,-17.20000000,-18.13333333,NA,NA,NA,NA,NA,NA,"228020-99999-1926"
"21","1926-01-21",-12.20000000,-10.60000000,-11.13333333,NA,NA,NA,NA,NA,NA,"228020-99999-1926"
"22","1926-01-22",-18.30000000,-14.40000000,-15.90000000,NA,NA,NA,NA,NA,NA,"228020-99999-1926"
"23","1926-01-23",-15.60000000,-14.40000000,-15.00000000,NA,NA,NA,NA,NA,NA,"228020-99999-1926"
"24","1926-01-24",-13.90000000,-10.60000000,-12.23333333,NA,NA,NA,NA,NA,NA,"228020-99999-1926"
"25","1926-01-25", -8.90000000, -5.00000000, -6.66666667,NA,NA,NA,NA,NA,NA,"228020-99999-1926"
"26","1926-01-26", -5.60000000, -3.30000000, -4.06666667,NA,NA,NA,NA,NA,NA,"228020-99999-1926"
"27","1926-01-27",-17.80000000, -8.90000000,-12.23333333,NA,NA,NA,NA,NA,NA,"228020-99999-1926"
"28","1926-01-28",-16.70000000,-12.20000000,-14.26666667,NA,NA,NA,NA,NA,NA,"228020-99999-1926"
"29","1926-01-29",-20.60000000,-17.80000000,-18.90000000,NA,NA,NA,NA,NA,NA,"228020-99999-1926"
"30","1926-01-30",-26.70000000,-17.80000000,-21.30000000,NA,NA,NA,NA,NA,NA,"228020-99999-1926"
"31","1926-01-31",-21.70000000,-13.90000000,-16.86666667,NA,NA,NA,NA,NA,NA,"228020-99999-1926"
"32","1926-02-01",-12.80000000, -8.30000000,-10.56666667,NA,NA,NA,NA,NA,NA,"228020-99999-1926"
"33","1926-02-02", -7.20000000, -1.70000000, -3.70000000,NA,NA,NA,NA,NA,NA,"228020-99999-1926"
"34","1926-02-03", -8.90000000, -3.30000000, -5.36666667,NA,NA,NA,NA,NA,NA,"228020-99999-1926"
"35","1926-02-04",-18.30000000,-13.90000000,-16.30000000,NA,NA,NA,NA,NA,NA,"228020-99999-1926"
"36","1926-02-05",-24.40000000,-16.70000000,-20.93333333,NA,NA,NA,NA,NA,NA,"228020-99999-1926"
"37","1926-02-06",-28.90000000,-20.00000000,-23.70000000,NA,NA,NA,NA,NA,NA,"228020-99999-1926"
"38","1926-02-07",-16.10000000,-14.40000000,-14.96666667,NA,NA,NA,NA,NA,NA,"228020-99999-1926"
"39","1926-02-08",-20.00000000,-17.20000000,-18.13333333,NA,NA,NA,NA,NA,NA,"228020-99999-1926"
"40","1926-02-09",-25.00000000,-16.70000000,-21.50000000,NA,NA,NA,NA,NA,NA,"228020-99999-1926"
"41","1926-02-10",-28.30000000,-19.40000000,-23.13333333,NA,NA,NA,NA,NA,NA,"228020-99999-1926"
"42","1926-02-11",-19.40000000, -8.30000000,-14.03333333,NA,NA,NA,NA,NA,NA,"228020-99999-1926"
"43","1926-02-12", -8.30000000, -6.10000000, -7.40000000,NA,NA,NA,NA,NA,NA,"228020-99999-1926"
"44","1926-02-13", -9.40000000, -8.30000000, -8.86666667,NA,NA,NA,NA,NA,NA,"228020-99999-1926"
"45","1926-02-14",-15.00000000, -8.30000000,-11.30000000,NA,NA,NA,NA,NA,NA,"228020-99999-1926"
"46","1926-02-15",-11.70000000, -7.20000000,-10.00000000,NA,NA,NA,NA,NA,NA,"228020-99999-1926"
"47","1926-02-16", -4.40000000,  0.00000000, -2.03333333,NA,NA,NA,NA,NA,NA,"228020-99999-1926"
"48","1926-02-17", -0.60000000,  1.10000000,  0.36666667,NA,NA,NA,NA,NA,NA,"228020-99999-1926"
"49","1926-02-18", -0.60000000,  0.00000000, -0.20000000,NA,NA,NA,NA,NA,NA,"228020-99999-1926"
"50","1926-02-19", -3.30000000,  0.00000000, -1.66666667,NA,NA,NA,NA,NA,NA,"228020-99999-1926"
"51","1926-02-20",-16.10000000, -7.80000000,-11.30000000,NA,NA,NA,NA,NA,NA,"228020-99999-1926"
"52","1926-02-21",-24.40000000,-15.00000000,-18.13333333,NA,NA,NA,NA,NA,NA,"228020-99999-1926"
"53","1926-02-22",-18.90000000,-12.20000000,-15.36666667,NA,NA,NA,NA,NA,NA,"228020-99999-1926"
"54","1926-02-23",-29.40000000,-15.00000000,-20.90000000,NA,NA,NA,NA,NA,NA,"228020-99999-1926"
"55","1926-02-24",-12.80000000, -7.80000000, -9.63333333,NA,NA,NA,NA,NA,NA,"228020-99999-1926"
"56","1926-02-25", -8.90000000, -6.10000000, -7.60000000,NA,NA,NA,NA,NA,NA,"228020-99999-1926"
"57","1926-02-26", -2.80000000, -1.70000000, -2.43333333,NA,NA,NA,NA,NA,NA,"228020-99999-1926"
"58","1926-02-27", -2.20000000, -2.20000000, -2.20000000,NA,NA,NA,NA,NA,NA,"228020-99999-1926"
"59","1926-02-28", -7.80000000, -5.60000000, -6.86666667,NA,NA,NA,NA,NA,NA,"228020-99999-1926"
"60","1926-03-01", -5.00000000, -2.20000000, -3.86666667,NA,NA,NA,NA,NA,NA,"228020-99999-1926"
"61","1926-03-02", -3.90000000,  1.10000000, -1.50000000,NA,NA,NA,NA,NA,NA,"228020-99999-1926"
"62","1926-03-03", -6.10000000, -1.10000000, -3.13333333,NA,NA,NA,NA,NA,NA,"228020-99999-1926"
"63","1926-03-04",  0.60000000,  2.20000000,  1.13333333,NA,NA,NA,NA,NA,NA,"228020-99999-1926"
"64","1926-03-05", -2.80000000,  0.60000000, -0.73333333,NA,NA,NA,NA,NA,NA,"228020-99999-1926"
"65","1926-03-06",-13.30000000, -2.80000000, -6.46666667,NA,NA,NA,NA,NA,NA,"228020-99999-1926"
"66","1926-03-07",-16.70000000, -6.10000000,-10.56666667,NA,NA,NA,NA,NA,NA,"228020-99999-1926"
"67","1926-03-08", -8.90000000, -7.20000000, -7.96666667,NA,NA,NA,NA,NA,NA,"228020-99999-1926"
"68","1926-03-09", -2.80000000,  0.60000000, -1.46666667,NA,NA,NA,NA,NA,NA,"228020-99999-1926"
"69","1926-03-10", -1.10000000,  3.30000000,  1.10000000,NA,NA,NA,NA,NA,NA,"228020-99999-1926"
"70","1926-03-11", -6.70000000,  0.00000000, -4.10000000,NA,NA,NA,NA,NA,NA,"228020-99999-1926"
"71","1926-03-12", -7.80000000, -0.60000000, -3.90000000,NA,NA,NA,NA,NA,NA,"228020-99999-1926"
"72","1926-03-13", -8.30000000, -6.10000000, -7.03333333,NA,NA,NA,NA,NA,NA,"228020-99999-1926"
"73","1926-03-14", -9.40000000, -5.00000000, -7.03333333,NA,NA,NA,NA,NA,NA,"228020-99999-1926"
"74","1926-03-15", -6.10000000, -2.20000000, -4.43333333,NA,NA,NA,NA,NA,NA,"228020-99999-1926"
"75","1926-03-16", -7.80000000, -3.90000000, -5.56666667,NA,NA,NA,NA,NA,NA,"228020-99999-1926"
"76","1926-03-17", -9.40000000, -5.60000000, -6.86666667,NA,NA,NA,NA,NA,NA,"228020-99999-1926"
"77","1926-03-18",-15.00000000, -5.60000000, -9.63333333,NA,NA,NA,NA,NA,NA,"228020-99999-1926"
"78","1926-03-19",-22.80000000, -2.80000000,-10.40000000,NA,NA,NA,NA,NA,NA,"228020-99999-1926"
"79","1926-03-20", -8.90000000, -1.10000000, -5.93333333,NA,NA,NA,NA,NA,NA,"228020-99999-1926"
"80","1926-03-21",-11.10000000, -2.80000000, -7.40000000,NA,NA,NA,NA,NA,NA,"228020-99999-1926"
"81","1926-03-22",-15.60000000, -5.00000000,-11.30000000,NA,NA,NA,NA,NA,NA,"228020-99999-1926"
"82","1926-03-23",-12.80000000, -2.80000000, -6.66666667,NA,NA,NA,NA,NA,NA,"228020-99999-1926"
"83","1926-03-24", -2.80000000,  0.00000000, -1.50000000,NA,NA,NA,NA,NA,NA,"228020-99999-1926"
"84","1926-03-25", -3.90000000,  0.00000000, -2.23333333,NA,NA,NA,NA,NA,NA,"228020-99999-1926"
"85","1926-03-26",-10.60000000,  1.70000000, -3.70000000,NA,NA,NA,NA,NA,NA,"228020-99999-1926"
"86","1926-03-27", -9.40000000,  1.70000000, -3.86666667,NA,NA,NA,NA,NA,NA,"228020-99999-1926"
"87","1926-03-28",-11.10000000,  1.10000000, -4.63333333,NA,NA,NA,NA,NA,NA,"228020-99999-1926"
"88","1926-03-29",-10.00000000, -2.20000000, -6.30000000,NA,NA,NA,NA,NA,NA,"228020-99999-1926"
"89","1926-03-30",-10.60000000, -2.80000000, -6.13333333,NA,NA,NA,NA,NA,NA,"228020-99999-1926"
"90","1926-03-31", -7.80000000, -2.20000000, -4.43333333,NA,NA,NA,NA,NA,NA,"228020-99999-1926"
"91","1926-04-01", -2.80000000,  1.10000000, -0.56666667,NA,NA,NA,NA,NA,NA,"228020-99999-1926"
"92","1926-04-02", -1.70000000,  1.70000000, -0.20000000,NA,NA,NA,NA,NA,NA,"228020-99999-1926"
"93","1926-04-03", -8.90000000, -1.70000000, -5.00000000,NA,NA,NA,NA,NA,NA,"228020-99999-1926"
"94","1926-04-04", -9.40000000, -2.80000000, -5.16666667,NA,NA,NA,NA,NA,NA,"228020-99999-1926"
"95","1926-04-05",  0.60000000,  2.20000000,  1.50000000,NA,NA,NA,NA,NA,NA,"228020-99999-1926"
"96","1926-04-06", -9.40000000, -5.60000000, -6.86666667,NA,NA,NA,NA,NA,NA,"228020-99999-1926"
"97","1926-04-07", -8.90000000, -1.10000000, -4.26666667,NA,NA,NA,NA,NA,NA,"228020-99999-1926"
"98","1926-04-08",-10.60000000,  2.80000000, -5.56666667,NA,NA,NA,NA,NA,NA,"228020-99999-1926"
"99","1926-04-09",-14.40000000,  0.00000000, -7.40000000,NA,NA,NA,NA,NA,NA,"228020-99999-1926"
"100","1926-04-10", -8.30000000, -1.10000000, -3.70000000,NA,NA,NA,NA,NA,NA,"228020-99999-1926"
"101","1926-04-11", -2.80000000,  3.30000000, -0.40000000,NA,NA,NA,NA,NA,NA,"228020-99999-1926"
"102","1926-04-12",-13.30000000,  0.00000000, -4.80000000,NA,NA,NA,NA,NA,NA,"228020-99999-1926"
"103","1926-04-13", -7.20000000, -1.10000000, -3.86666667,NA,NA,NA,NA,NA,NA,"228020-99999-1926"
"104","1926-04-14", -6.10000000,  2.80000000, -1.46666667,NA,NA,NA,NA,NA,NA,"228020-99999-1926"
"105","1926-04-15", -4.40000000,  3.30000000, -1.46666667,NA,NA,NA,NA,NA,NA,"228020-99999-1926"
"106","1926-04-16", -5.00000000, -2.20000000, -3.50000000,NA,NA,NA,NA,NA,NA,"228020-99999-1926"
"107","1926-04-17", -1.10000000,  3.30000000,  1.10000000,NA,NA,NA,NA,NA,NA,"228020-99999-1926"
"108","1926-04-18",  1.10000000,  5.60000000,  3.53333333,NA,NA,NA,NA,NA,NA,"228020-99999-1926"
"109","1926-04-19",  1.10000000,  2.80000000,  2.03333333,NA,NA,NA,NA,NA,NA,"228020-99999-1926"
"110","1926-04-20",  2.80000000,  7.20000000,  5.00000000,NA,NA,NA,NA,NA,NA,"228020-99999-1926"
"111","1926-04-21",  3.30000000,  5.00000000,  4.23333333,NA,NA,NA,NA,NA,NA,"228020-99999-1926"
"112","1926-04-22",  2.20000000,  7.20000000,  4.60000000,NA,NA,NA,NA,NA,NA,"228020-99999-1926"
"113","1926-04-23",  2.20000000,  5.00000000,  3.13333333,NA,NA,NA,NA,NA,NA,"228020-99999-1926"
"114","1926-04-24",  2.80000000,  5.00000000,  3.70000000,NA,NA,NA,NA,NA,NA,"228020-99999-1926"
"115","1926-04-25",  2.80000000, 10.00000000,  5.93333333,NA,NA,NA,NA,NA,NA,"228020-99999-1926"
"116","1926-04-26",  3.30000000,  9.40000000,  5.53333333,NA,NA,NA,NA,NA,NA,"228020-99999-1926"
"117","1926-04-27",  3.30000000,  8.30000000,  5.33333333,NA,NA,NA,NA,NA,NA,"228020-99999-1926"
"118","1926-04-28", -0.60000000,  8.30000000,  3.30000000,NA,NA,NA,NA,NA,NA,"228020-99999-1926"
"119","1926-04-29",  1.10000000, 11.10000000,  5.16666667,NA,NA,NA,NA,NA,NA,"228020-99999-1926"
"120","1926-04-30",  1.70000000, 10.60000000,  6.13333333,NA,NA,NA,NA,NA,NA,"228020-99999-1926"
"121","1926-05-01",  3.30000000,  6.70000000,  5.20000000,NA,NA,NA,NA,NA,NA,"228020-99999-1926"
"122","1926-05-02",  2.20000000,  7.20000000,  4.60000000,NA,NA,NA,NA,NA,NA,"228020-99999-1926"
"123","1926-05-03",  0.60000000,  1.70000000,  0.96666667,NA,NA,NA,NA,NA,NA,"228020-99999-1926"
"124","1926-05-04", -1.70000000,  2.20000000, -0.20000000,NA,NA,NA,NA,NA,NA,"228020-99999-1926"
"125","1926-05-05", -2.80000000,  2.20000000, -0.40000000,NA,NA,NA,NA,NA,NA,"228020-99999-1926"
"126","1926-05-06",  0.60000000,  5.00000000,  2.23333333,NA,NA,NA,NA,NA,NA,"228020-99999-1926"
"127","1926-05-07",  2.20000000,  5.00000000,  3.86666667,NA,NA,NA,NA,NA,NA,"228020-99999-1926"
"128","1926-05-08",  3.30000000,  5.60000000,  4.83333333,NA,NA,NA,NA,NA,NA,"228020-99999-1926"
"129","1926-05-09",  4.40000000, 10.00000000,  7.56666667,NA,NA,NA,NA,NA,NA,"228020-99999-1926"
"130","1926-05-10",  6.10000000,  8.30000000,  7.03333333,NA,NA,NA,NA,NA,NA,"228020-99999-1926"
"131","1926-05-11",  6.70000000, 11.10000000,  8.90000000,NA,NA,NA,NA,NA,NA,"228020-99999-1926"
"132","1926-05-12",  6.70000000,  9.40000000,  7.96666667,NA,NA,NA,NA,NA,NA,"228020-99999-1926"
"133","1926-05-13",  5.60000000, 10.60000000,  7.43333333,NA,NA,NA,NA,NA,NA,"228020-99999-1926"
"134","1926-05-14",  4.40000000,  7.20000000,  5.90000000,NA,NA,NA,NA,NA,NA,"228020-99999-1926"
"135","1926-05-15",  7.20000000, 13.90000000,  9.80000000,NA,NA,NA,NA,NA,NA,"228020-99999-1926"
"136","1926-05-16",  6.10000000,  8.30000000,  6.83333333,NA,NA,NA,NA,NA,NA,"228020-99999-1926"
"137","1926-05-17",  8.30000000,  8.90000000,  8.50000000,NA,NA,NA,NA,NA,NA,"228020-99999-1926"
"138","1926-05-18",  5.60000000, 15.60000000, 10.20000000,NA,NA,NA,NA,NA,NA,"228020-99999-1926"
"139","1926-05-19", 11.70000000, 19.40000000, 14.26666667,NA,NA,NA,NA,NA,NA,"228020-99999-1926"
"140","1926-05-20", 11.10000000, 16.70000000, 13.16666667,NA,NA,NA,NA,NA,NA,"228020-99999-1926"
"141","1926-05-21", 12.20000000, 16.10000000, 13.50000000,NA,NA,NA,NA,NA,NA,"228020-99999-1926"
"142","1926-05-22",  9.40000000, 18.30000000, 13.50000000,NA,NA,NA,NA,NA,NA,"228020-99999-1926"
"143","1926-05-23", 16.10000000, 20.60000000, 17.60000000,NA,NA,NA,NA,NA,NA,"228020-99999-1926"
"144","1926-05-24", 12.80000000, 16.70000000, 14.46666667,NA,NA,NA,NA,NA,NA,"228020-99999-1926"
"145","1926-05-25",  7.20000000, 10.00000000,  8.33333333,NA,NA,NA,NA,NA,NA,"228020-99999-1926"
"146","1926-05-26",  7.20000000,  9.40000000,  7.93333333,NA,NA,NA,NA,NA,NA,"228020-99999-1926"
"147","1926-05-27",  5.60000000,  8.90000000,  7.23333333,NA,NA,NA,NA,NA,NA,"228020-99999-1926"
"148","1926-05-28",  6.70000000,  7.20000000,  6.86666667,NA,NA,NA,NA,NA,NA,"228020-99999-1926"
"149","1926-05-29",  6.70000000, 12.20000000,  9.43333333,NA,NA,NA,NA,NA,NA,"228020-99999-1926"
"150","1926-05-30", 10.60000000, 16.70000000, 13.90000000,NA,NA,NA,NA,NA,NA,"228020-99999-1926"
"151","1926-05-31", 11.70000000, 12.80000000, 12.23333333,NA,NA,NA,NA,NA,NA,"228020-99999-1926"
"152","1926-06-01",  9.40000000, 15.60000000, 12.23333333,NA,NA,NA,NA,NA,NA,"228020-99999-1926"
"153","1926-06-02", 13.90000000, 17.20000000, 15.56666667,NA,NA,NA,NA,NA,NA,"228020-99999-1926"
"154","1926-06-03", 15.00000000, 19.40000000, 16.66666667,NA,NA,NA,NA,NA,NA,"228020-99999-1926"
"155","1926-06-04", 12.20000000, 17.80000000, 15.00000000,NA,NA,NA,NA,NA,NA,"228020-99999-1926"
"156","1926-06-05", 16.70000000, 22.80000000, 19.26666667,NA,NA,NA,NA,NA,NA,"228020-99999-1926"
"157","1926-06-06", 18.30000000, 24.40000000, 20.90000000,NA,NA,NA,NA,NA,NA,"228020-99999-1926"
"158","1926-06-07", 18.90000000, 23.90000000, 20.56666667,NA,NA,NA,NA,NA,NA,"228020-99999-1926"
"159","1926-06-08", 11.10000000, 21.70000000, 17.40000000,NA,NA,NA,NA,NA,NA,"228020-99999-1926"
"160","1926-06-09",  7.80000000, 12.80000000,  9.63333333,NA,NA,NA,NA,NA,NA,"228020-99999-1926"
"161","1926-06-10",  7.20000000, 13.30000000,  9.80000000,NA,NA,NA,NA,NA,NA,"228020-99999-1926"
"162","1926-06-11", 10.00000000, 15.00000000, 11.66666667,NA,NA,NA,NA,NA,NA,"228020-99999-1926"
"163","1926-06-12", 11.70000000, 18.30000000, 14.63333333,NA,NA,NA,NA,NA,NA,"228020-99999-1926"
"164","1926-06-13", 17.20000000, 23.30000000, 19.80000000,NA,NA,NA,NA,NA,NA,"228020-99999-1926"
"165","1926-06-14", 12.80000000, 22.80000000, 18.73333333,NA,NA,NA,NA,NA,NA,"228020-99999-1926"
"166","1926-06-15", 12.80000000, 20.00000000, 15.56666667,NA,NA,NA,NA,NA,NA,"228020-99999-1926"
"167","1926-06-16", 10.00000000, 13.30000000, 11.83333333,NA,NA,NA,NA,NA,NA,"228020-99999-1926"
"168","1926-06-17",  7.80000000,  9.40000000,  8.33333333,NA,NA,NA,NA,NA,NA,"228020-99999-1926"
"169","1926-06-18",  5.60000000, 10.00000000,  7.96666667,NA,NA,NA,NA,NA,NA,"228020-99999-1926"
"170","1926-06-19",  7.20000000,  8.30000000,  7.76666667,NA,NA,NA,NA,NA,NA,"228020-99999-1926"
"171","1926-06-20", 11.70000000, 15.00000000, 12.80000000,NA,NA,NA,NA,NA,NA,"228020-99999-1926"
"172","1926-06-21", 10.00000000, 15.00000000, 12.40000000,NA,NA,NA,NA,NA,NA,"228020-99999-1926"
"173","1926-06-22",  9.40000000, 11.10000000, 10.36666667,NA,NA,NA,NA,NA,NA,"228020-99999-1926"
"174","1926-06-23", 10.00000000, 15.60000000, 12.23333333,NA,NA,NA,NA,NA,NA,"228020-99999-1926"
"175","1926-06-24", 11.70000000, 16.70000000, 13.73333333,NA,NA,NA,NA,NA,NA,"228020-99999-1926"
"176","1926-06-25", 12.20000000, 20.60000000, 15.93333333,NA,NA,NA,NA,NA,NA,"228020-99999-1926"
"177","1926-06-26", 17.80000000, 20.00000000, 18.90000000,NA,NA,NA,NA,NA,NA,"228020-99999-1926"
"178","1926-06-27", 17.20000000, 27.20000000, 22.40000000,NA,NA,NA,NA,NA,NA,"228020-99999-1926"
"179","1926-06-28", 22.80000000, 27.20000000, 24.43333333,NA,NA,NA,NA,NA,NA,"228020-99999-1926"
"180","1926-06-29", 18.30000000, 25.60000000, 21.10000000,NA,NA,NA,NA,NA,NA,"228020-99999-1926"
"181","1926-06-30", 15.60000000, 20.60000000, 18.00000000,NA,NA,NA,NA,NA,NA,"228020-99999-1926"
"182","1926-07-01", 18.30000000, 23.90000000, 20.53333333,NA,NA,NA,NA,NA,NA,"228020-99999-1926"
"183","1926-07-02", 15.60000000, 18.30000000, 16.50000000,NA,NA,NA,NA,NA,NA,"228020-99999-1926"
"184","1926-07-03", 16.10000000, 25.00000000, 19.43333333,NA,NA,NA,NA,NA,NA,"228020-99999-1926"
"185","1926-07-04", 15.60000000, 17.80000000, 16.70000000,NA,NA,NA,NA,NA,NA,"228020-99999-1926"
"186","1926-07-05", 13.90000000, 17.80000000, 15.20000000,NA,NA,NA,NA,NA,NA,"228020-99999-1926"
"187","1926-07-06", 13.30000000, 21.10000000, 16.26666667,NA,NA,NA,NA,NA,NA,"228020-99999-1926"
"188","1926-07-07", 13.30000000, 18.30000000, 15.53333333,NA,NA,NA,NA,NA,NA,"228020-99999-1926"
"189","1926-07-08", 13.30000000, 13.90000000, 13.70000000,NA,NA,NA,NA,NA,NA,"228020-99999-1926"
"190","1926-07-09", 13.90000000, 18.90000000, 15.93333333,NA,NA,NA,NA,NA,NA,"228020-99999-1926"
"191","1926-07-10", 17.80000000, 22.20000000, 19.26666667,NA,NA,NA,NA,NA,NA,"228020-99999-1926"
"192","1926-07-11", 18.30000000, 23.30000000, 20.53333333,NA,NA,NA,NA,NA,NA,"228020-99999-1926"
"193","1926-07-12", 16.10000000, 21.10000000, 18.33333333,NA,NA,NA,NA,NA,NA,"228020-99999-1926"
"194","1926-07-13", 19.40000000, 22.20000000, 20.53333333,NA,NA,NA,NA,NA,NA,"228020-99999-1926"
"195","1926-07-14", 17.80000000, 21.10000000, 19.63333333,NA,NA,NA,NA,NA,NA,"228020-99999-1926"
"196","1926-07-15", 13.30000000, 19.40000000, 16.63333333,NA,NA,NA,NA,NA,NA,"228020-99999-1926"
"197","1926-07-16", 13.90000000, 18.30000000, 16.10000000,NA,NA,NA,NA,NA,NA,"228020-99999-1926"
"198","1926-07-17", 12.80000000, 15.60000000, 13.90000000,NA,NA,NA,NA,NA,NA,"228020-99999-1926"
"199","1926-07-18", 13.30000000, 17.20000000, 15.16666667,NA,NA,NA,NA,NA,NA,"228020-99999-1926"
"200","1926-07-19", 13.90000000, 19.40000000, 16.46666667,NA,NA,NA,NA,NA,NA,"228020-99999-1926"
"201","1926-07-20", 13.90000000, 18.30000000, 15.93333333,NA,NA,NA,NA,NA,NA,"228020-99999-1926"
"202","1926-07-21", 15.00000000, 23.30000000, 18.86666667,NA,NA,NA,NA,NA,NA,"228020-99999-1926"
"203","1926-07-22", 14.40000000, 18.30000000, 15.90000000,NA,NA,NA,NA,NA,NA,"228020-99999-1926"
"204","1926-07-23", 15.00000000, 21.70000000, 17.60000000,NA,NA,NA,NA,NA,NA,"228020-99999-1926"
"205","1926-07-24", 16.70000000, 22.20000000, 18.70000000,NA,NA,NA,NA,NA,NA,"228020-99999-1926"
"206","1926-07-25", 19.40000000, 25.60000000, 21.46666667,NA,NA,NA,NA,NA,NA,"228020-99999-1926"
"207","1926-07-26", 18.30000000, 22.80000000, 19.80000000,NA,NA,NA,NA,NA,NA,"228020-99999-1926"
"208","1926-07-27", 17.80000000, 24.40000000, 20.16666667,NA,NA,NA,NA,NA,NA,"228020-99999-1926"
"209","1926-07-28", 16.70000000, 18.30000000, 17.40000000,NA,NA,NA,NA,NA,NA,"228020-99999-1926"
"210","1926-07-29", 12.80000000, 18.30000000, 16.30000000,NA,NA,NA,NA,NA,NA,"228020-99999-1926"
"211","1926-07-30", 17.20000000, 21.70000000, 18.70000000,NA,NA,NA,NA,NA,NA,"228020-99999-1926"
"212","1926-07-31", 14.40000000, 20.60000000, 17.60000000,NA,NA,NA,NA,NA,NA,"228020-99999-1926"
"213","1926-08-01", 15.00000000, 20.60000000, 17.23333333,NA,NA,NA,NA,NA,NA,"228020-99999-1926"
"214","1926-08-02", 13.90000000, 20.00000000, 16.66666667,NA,NA,NA,NA,NA,NA,"228020-99999-1926"
"215","1926-08-03", 12.20000000, 15.60000000, 13.70000000,NA,NA,NA,NA,NA,NA,"228020-99999-1926"
"216","1926-08-04", 12.20000000, 16.10000000, 14.06666667,NA,NA,NA,NA,NA,NA,"228020-99999-1926"
"217","1926-08-05", 12.20000000, 14.40000000, 12.93333333,NA,NA,NA,NA,NA,NA,"228020-99999-1926"
"218","1926-08-06", 12.20000000, 18.90000000, 15.56666667,NA,NA,NA,NA,NA,NA,"228020-99999-1926"
"219","1926-08-07", 13.30000000, 18.90000000, 15.36666667,NA,NA,NA,NA,NA,NA,"228020-99999-1926"
"220","1926-08-08", 11.70000000, 14.40000000, 12.96666667,NA,NA,NA,NA,NA,NA,"228020-99999-1926"
"221","1926-08-09", 12.20000000, 18.30000000, 15.36666667,NA,NA,NA,NA,NA,NA,"228020-99999-1926"
"222","1926-08-10", 13.30000000, 19.40000000, 15.53333333,NA,NA,NA,NA,NA,NA,"228020-99999-1926"
"223","1926-08-11", 12.20000000, 18.30000000, 14.43333333,NA,NA,NA,NA,NA,NA,"228020-99999-1926"
"224","1926-08-12", 16.10000000, 21.70000000, 18.33333333,NA,NA,NA,NA,NA,NA,"228020-99999-1926"
"225","1926-08-13", 16.10000000, 22.20000000, 18.50000000,NA,NA,NA,NA,NA,NA,"228020-99999-1926"
"226","1926-08-14", 15.60000000, 20.60000000, 17.80000000,NA,NA,NA,NA,NA,NA,"228020-99999-1926"
"227","1926-08-15", 15.00000000, 18.90000000, 17.03333333,NA,NA,NA,NA,NA,NA,"228020-99999-1926"
"228","1926-08-16", 15.00000000, 16.70000000, 15.76666667,NA,NA,NA,NA,NA,NA,"228020-99999-1926"
"229","1926-08-17", 13.90000000, 21.70000000, 16.66666667,NA,NA,NA,NA,NA,NA,"228020-99999-1926"
"230","1926-08-18", 10.60000000, 20.00000000, 16.13333333,NA,NA,NA,NA,NA,NA,"228020-99999-1926"
"231","1926-08-19", 15.00000000, 21.70000000, 17.43333333,NA,NA,NA,NA,NA,NA,"228020-99999-1926"
"232","1926-08-20", 14.40000000, 16.70000000, 15.93333333,NA,NA,NA,NA,NA,NA,"228020-99999-1926"
"233","1926-08-21", 15.60000000, 19.40000000, 17.23333333,NA,NA,NA,NA,NA,NA,"228020-99999-1926"
"234","1926-08-22", 13.90000000, 14.40000000, 14.23333333,NA,NA,NA,NA,NA,NA,"228020-99999-1926"
"235","1926-08-23", 12.20000000, 17.80000000, 14.80000000,NA,NA,NA,NA,NA,NA,"228020-99999-1926"
"236","1926-08-24", 12.80000000, 15.60000000, 14.10000000,NA,NA,NA,NA,NA,NA,"228020-99999-1926"
"237","1926-08-25", 12.80000000, 13.90000000, 13.33333333,NA,NA,NA,NA,NA,NA,"228020-99999-1926"
"238","1926-08-26", 11.70000000, 13.30000000, 12.40000000,NA,NA,NA,NA,NA,NA,"228020-99999-1926"
"239","1926-08-27",  9.40000000, 15.60000000, 12.40000000,NA,NA,NA,NA,NA,NA,"228020-99999-1926"
"240","1926-08-28", 12.20000000, 16.70000000, 13.70000000,NA,NA,NA,NA,NA,NA,"228020-99999-1926"
"241","1926-08-29", 10.60000000, 16.70000000, 12.63333333,NA,NA,NA,NA,NA,NA,"228020-99999-1926"
"242","1926-08-30",  8.30000000, 16.70000000, 12.23333333,NA,NA,NA,NA,NA,NA,"228020-99999-1926"
"243","1926-08-31", 11.10000000, 19.40000000, 14.80000000,NA,NA,NA,NA,NA,NA,"228020-99999-1926"
"244","1926-09-01", 12.20000000, 17.20000000, 14.06666667,NA,NA,NA,NA,NA,NA,"228020-99999-1926"
"245","1926-09-02",  8.30000000, 12.20000000,  9.96666667,NA,NA,NA,NA,NA,NA,"228020-99999-1926"
"246","1926-09-03",  7.20000000, 12.20000000,  9.06666667,NA,NA,NA,NA,NA,NA,"228020-99999-1926"
"247","1926-09-04",  2.80000000, 11.70000000,  7.80000000,NA,NA,NA,NA,NA,NA,"228020-99999-1926"
"248","1926-09-05",  8.90000000, 12.20000000, 10.93333333,NA,NA,NA,NA,NA,NA,"228020-99999-1926"
"249","1926-09-06",  9.40000000, 15.00000000, 12.76666667,NA,NA,NA,NA,NA,NA,"228020-99999-1926"
"250","1926-09-07",  8.90000000, 11.10000000,  9.80000000,NA,NA,NA,NA,NA,NA,"228020-99999-1926"
"251","1926-09-08",  7.20000000, 12.20000000,  9.06666667,NA,NA,NA,NA,NA,NA,"228020-99999-1926"
"252","1926-09-09",  6.70000000,  8.30000000,  7.60000000,NA,NA,NA,NA,NA,NA,"228020-99999-1926"
"253","1926-09-10",  6.10000000,  9.40000000,  7.56666667,NA,NA,NA,NA,NA,NA,"228020-99999-1926"
"254","1926-09-11",  6.70000000, 13.90000000, 10.20000000,NA,NA,NA,NA,NA,NA,"228020-99999-1926"
"255","1926-09-12", 10.00000000, 13.30000000, 11.46666667,NA,NA,NA,NA,NA,NA,"228020-99999-1926"
"256","1926-09-13", 11.10000000, 17.20000000, 14.06666667,NA,NA,NA,NA,NA,NA,"228020-99999-1926"
"257","1926-09-14",  5.60000000, 13.30000000,  9.43333333,NA,NA,NA,NA,NA,NA,"228020-99999-1926"
"258","1926-09-15",  4.40000000, 12.20000000,  7.20000000,NA,NA,NA,NA,NA,NA,"228020-99999-1926"
"259","1926-09-16",  7.20000000,  8.90000000,  8.13333333,NA,NA,NA,NA,NA,NA,"228020-99999-1926"
"260","1926-09-17",  6.70000000, 10.60000000,  8.53333333,NA,NA,NA,NA,NA,NA,"228020-99999-1926"
"261","1926-09-18",  3.30000000, 10.00000000,  6.46666667,NA,NA,NA,NA,NA,NA,"228020-99999-1926"
"262","1926-09-19",  4.40000000, 10.00000000,  7.20000000,NA,NA,NA,NA,NA,NA,"228020-99999-1926"
"263","1926-09-20",  7.80000000, 10.60000000,  8.90000000,NA,NA,NA,NA,NA,NA,"228020-99999-1926"
"264","1926-09-21",  3.30000000, 18.30000000, 10.73333333,NA,NA,NA,NA,NA,NA,"228020-99999-1926"
"265","1926-09-22",  9.40000000, 21.70000000, 13.90000000,NA,NA,NA,NA,NA,NA,"228020-99999-1926"
"266","1926-09-23",  8.30000000, 18.90000000, 12.96666667,NA,NA,NA,NA,NA,NA,"228020-99999-1926"
"267","1926-09-24",  6.70000000, 19.40000000, 12.40000000,NA,NA,NA,NA,NA,NA,"228020-99999-1926"
"268","1926-09-25",  8.90000000, 17.20000000, 12.03333333,NA,NA,NA,NA,NA,NA,"228020-99999-1926"
"269","1926-09-26",  7.20000000, 10.00000000,  8.33333333,NA,NA,NA,NA,NA,NA,"228020-99999-1926"
"270","1926-09-27",  4.40000000,  7.20000000,  5.73333333,NA,NA,NA,NA,NA,NA,"228020-99999-1926"
"271","1926-09-28",  3.30000000,  8.90000000,  5.93333333,NA,NA,NA,NA,NA,NA,"228020-99999-1926"
"272","1926-09-29",  6.70000000, 11.70000000,  9.10000000,NA,NA,NA,NA,NA,NA,"228020-99999-1926"
"273","1926-09-30",  8.30000000, 10.00000000,  9.06666667,NA,NA,NA,NA,NA,NA,"228020-99999-1926"
"274","1926-10-01",  6.70000000, 12.80000000,  9.63333333,NA,NA,NA,NA,NA,NA,"228020-99999-1926"
"275","1926-10-02",  5.60000000, 12.20000000,  7.96666667,NA,NA,NA,NA,NA,NA,"228020-99999-1926"
"276","1926-10-03",  2.80000000,  8.90000000,  5.93333333,NA,NA,NA,NA,NA,NA,"228020-99999-1926"
"277","1926-10-04",  0.60000000,  5.00000000,  2.23333333,NA,NA,NA,NA,NA,NA,"228020-99999-1926"
"278","1926-10-05",  1.10000000,  7.20000000,  5.00000000,NA,NA,NA,NA,NA,NA,"228020-99999-1926"
"279","1926-10-06",  1.10000000,  3.90000000,  2.03333333,NA,NA,NA,NA,NA,NA,"228020-99999-1926"
"280","1926-10-07", -2.80000000,  4.40000000, -0.03333333,NA,NA,NA,NA,NA,NA,"228020-99999-1926"
"281","1926-10-08",  0.60000000,  6.70000000,  3.90000000,NA,NA,NA,NA,NA,NA,"228020-99999-1926"
"282","1926-10-09",  5.00000000,  7.80000000,  6.50000000,NA,NA,NA,NA,NA,NA,"228020-99999-1926"
"283","1926-10-10",  7.80000000,  8.90000000,  8.33333333,NA,NA,NA,NA,NA,NA,"228020-99999-1926"
"284","1926-10-11",  5.60000000,  7.80000000,  6.86666667,NA,NA,NA,NA,NA,NA,"228020-99999-1926"
"285","1926-10-12", -0.60000000,  5.60000000,  2.96666667,NA,NA,NA,NA,NA,NA,"228020-99999-1926"
"286","1926-10-13", -4.40000000,  4.40000000,  0.93333333,NA,NA,NA,NA,NA,NA,"228020-99999-1926"
"287","1926-10-14",  0.60000000,  3.90000000,  2.23333333,NA,NA,NA,NA,NA,NA,"228020-99999-1926"
"288","1926-10-15",  1.70000000,  2.80000000,  2.23333333,NA,NA,NA,NA,NA,NA,"228020-99999-1926"
"289","1926-10-16", -1.70000000,  2.20000000,  0.36666667,NA,NA,NA,NA,NA,NA,"228020-99999-1926"
"290","1926-10-17", -0.60000000,  2.20000000,  0.33333333,NA,NA,NA,NA,NA,NA,"228020-99999-1926"
"291","1926-10-18", -2.20000000,  1.10000000, -1.10000000,NA,NA,NA,NA,NA,NA,"228020-99999-1926"
"292","1926-10-19", -3.90000000,  1.10000000, -0.93333333,NA,NA,NA,NA,NA,NA,"228020-99999-1926"
"293","1926-10-20",  0.00000000,  1.10000000,  0.56666667,NA,NA,NA,NA,NA,NA,"228020-99999-1926"
"294","1926-10-21", -0.60000000,  0.60000000, -0.20000000,NA,NA,NA,NA,NA,NA,"228020-99999-1926"
"295","1926-10-22", -1.70000000,  0.60000000, -0.36666667,NA,NA,NA,NA,NA,NA,"228020-99999-1926"
"296","1926-10-23", -2.20000000, -1.10000000, -1.66666667,NA,NA,NA,NA,NA,NA,"228020-99999-1926"
"297","1926-10-24", -3.30000000, -2.20000000, -2.76666667,NA,NA,NA,NA,NA,NA,"228020-99999-1926"
"298","1926-10-25", -3.90000000, -2.80000000, -3.33333333,NA,NA,NA,NA,NA,NA,"228020-99999-1926"
"299","1926-10-26", -5.00000000, -1.70000000, -3.90000000,NA,NA,NA,NA,NA,NA,"228020-99999-1926"
"300","1926-10-27", -7.20000000, -2.80000000, -5.00000000,NA,NA,NA,NA,NA,NA,"228020-99999-1926"
"301","1926-10-28", -3.90000000, -2.20000000, -3.13333333,NA,NA,NA,NA,NA,NA,"228020-99999-1926"
"302","1926-10-29", -4.40000000, -3.30000000, -3.66666667,NA,NA,NA,NA,NA,NA,"228020-99999-1926"
"303","1926-10-30", -7.20000000, -3.30000000, -4.80000000,NA,NA,NA,NA,NA,NA,"228020-99999-1926"
"304","1926-10-31", -2.80000000,  0.60000000, -1.30000000,NA,NA,NA,NA,NA,NA,"228020-99999-1926"
"305","1926-11-01", -9.40000000, -3.30000000, -5.53333333,NA,NA,NA,NA,NA,NA,"228020-99999-1926"
"306","1926-11-02",-11.70000000, -3.90000000, -7.23333333,NA,NA,NA,NA,NA,NA,"228020-99999-1926"
"307","1926-11-03", -8.30000000, -5.60000000, -6.86666667,NA,NA,NA,NA,NA,NA,"228020-99999-1926"
"308","1926-11-04", -5.00000000, -1.10000000, -2.76666667,NA,NA,NA,NA,NA,NA,"228020-99999-1926"
"309","1926-11-05", -2.80000000,  1.70000000, -0.56666667,NA,NA,NA,NA,NA,NA,"228020-99999-1926"
"310","1926-11-06",  1.70000000,  2.20000000,  2.03333333,NA,NA,NA,NA,NA,NA,"228020-99999-1926"
"311","1926-11-07",  2.80000000,  2.80000000,  2.80000000,NA,NA,NA,NA,NA,NA,"228020-99999-1926"
"312","1926-11-08",  3.90000000,  4.40000000,  4.06666667,NA,NA,NA,NA,NA,NA,"228020-99999-1926"
"313","1926-11-09",  5.00000000,  6.10000000,  5.73333333,NA,NA,NA,NA,NA,NA,"228020-99999-1926"
"314","1926-11-10",  5.00000000,  7.20000000,  5.93333333,NA,NA,NA,NA,NA,NA,"228020-99999-1926"
"315","1926-11-11",  4.40000000,  6.10000000,  4.96666667,NA,NA,NA,NA,NA,NA,"228020-99999-1926"
"316","1926-11-12",  1.70000000,  3.90000000,  2.60000000,NA,NA,NA,NA,NA,NA,"228020-99999-1926"
"317","1926-11-13",  3.30000000,  3.90000000,  3.50000000,NA,NA,NA,NA,NA,NA,"228020-99999-1926"
"318","1926-11-14",  3.30000000,  5.00000000,  4.23333333,NA,NA,NA,NA,NA,NA,"228020-99999-1926"
"319","1926-11-15",  5.60000000,  7.20000000,  6.30000000,NA,NA,NA,NA,NA,NA,"228020-99999-1926"
"320","1926-11-16",  3.30000000,  5.60000000,  4.26666667,NA,NA,NA,NA,NA,NA,"228020-99999-1926"
"321","1926-11-17", -1.70000000,  0.60000000, -0.36666667,NA,NA,NA,NA,NA,NA,"228020-99999-1926"
"322","1926-11-18", -4.40000000,  1.70000000, -0.90000000,NA,NA,NA,NA,NA,NA,"228020-99999-1926"
"323","1926-11-19", -1.70000000,  2.20000000,  0.73333333,NA,NA,NA,NA,NA,NA,"228020-99999-1926"
"324","1926-11-20", -1.70000000, -0.60000000, -1.13333333,NA,NA,NA,NA,NA,NA,"228020-99999-1926"
"325","1926-11-21",  2.20000000,  4.40000000,  3.50000000,NA,NA,NA,NA,NA,NA,"228020-99999-1926"
"326","1926-11-22",  5.60000000,  6.70000000,  5.96666667,NA,NA,NA,NA,NA,NA,"228020-99999-1926"
"327","1926-11-23",  4.40000000,  5.60000000,  5.00000000,NA,NA,NA,NA,NA,NA,"228020-99999-1926"
"328","1926-11-24",  2.20000000,  3.30000000,  2.93333333,NA,NA,NA,NA,NA,NA,"228020-99999-1926"
"329","1926-11-25", -1.70000000,  0.60000000, -0.36666667,NA,NA,NA,NA,NA,NA,"228020-99999-1926"
"330","1926-11-26", -1.10000000, -0.60000000, -0.76666667,NA,NA,NA,NA,NA,NA,"228020-99999-1926"
"331","1926-11-27", -1.10000000,  0.00000000, -0.56666667,NA,NA,NA,NA,NA,NA,"228020-99999-1926"
"332","1926-11-28", -2.20000000, -0.60000000, -1.66666667,NA,NA,NA,NA,NA,NA,"228020-99999-1926"
"333","1926-11-29", -7.80000000, -3.90000000, -6.13333333,NA,NA,NA,NA,NA,NA,"228020-99999-1926"
"334","1926-11-30", -9.40000000, -8.30000000, -8.86666667,NA,NA,NA,NA,NA,NA,"228020-99999-1926"
"335","1926-12-01", -9.40000000, -9.40000000, -9.40000000,NA,NA,NA,NA,NA,NA,"228020-99999-1926"
"336","1926-12-02",-11.70000000, -9.40000000,-10.56666667,NA,NA,NA,NA,NA,NA,"228020-99999-1926"
"337","1926-12-03",-10.60000000, -9.40000000, -9.80000000,NA,NA,NA,NA,NA,NA,"228020-99999-1926"
"338","1926-12-04", -8.30000000, -2.20000000, -5.73333333,NA,NA,NA,NA,NA,NA,"228020-99999-1926"
"339","1926-12-05", -2.80000000,  0.60000000, -1.10000000,NA,NA,NA,NA,NA,NA,"228020-99999-1926"
"340","1926-12-06", -3.90000000,  1.10000000, -1.13333333,NA,NA,NA,NA,NA,NA,"228020-99999-1926"
"341","1926-12-07", -0.60000000,  0.00000000, -0.40000000,NA,NA,NA,NA,NA,NA,"228020-99999-1926"
"342","1926-12-08",  0.00000000,  0.60000000,  0.20000000,NA,NA,NA,NA,NA,NA,"228020-99999-1926"
"343","1926-12-09", -0.60000000,  0.60000000,  0.00000000,NA,NA,NA,NA,NA,NA,"228020-99999-1926"
"344","1926-12-10",  0.00000000,  0.00000000,  0.00000000,NA,NA,NA,NA,NA,NA,"228020-99999-1926"
"345","1926-12-11", -5.00000000,  0.60000000, -2.40000000,NA,NA,NA,NA,NA,NA,"228020-99999-1926"
"346","1926-12-12", -8.90000000, -2.20000000, -4.63333333,NA,NA,NA,NA,NA,NA,"228020-99999-1926"
"347","1926-12-13", -6.10000000, -6.10000000, -6.10000000,NA,NA,NA,NA,NA,NA,"228020-99999-1926"
"348","1926-12-14", -9.40000000, -5.00000000, -6.66666667,NA,NA,NA,NA,NA,NA,"228020-99999-1926"
"349","1926-12-15",-10.60000000, -9.40000000,-10.00000000,NA,NA,NA,NA,NA,NA,"228020-99999-1926"
"350","1926-12-16",-18.30000000,-14.40000000,-15.90000000,NA,NA,NA,NA,NA,NA,"228020-99999-1926"
"351","1926-12-17",-19.40000000,-15.00000000,-16.83333333,NA,NA,NA,NA,NA,NA,"228020-99999-1926"
"352","1926-12-18",-15.00000000,-14.40000000,-14.60000000,NA,NA,NA,NA,NA,NA,"228020-99999-1926"
"353","1926-12-19",-17.20000000,-13.30000000,-15.53333333,NA,NA,NA,NA,NA,NA,"228020-99999-1926"
"354","1926-12-20",-13.90000000,-12.80000000,-13.33333333,NA,NA,NA,NA,NA,NA,"228020-99999-1926"
"355","1926-12-21",-20.60000000,-17.20000000,-18.90000000,NA,NA,NA,NA,NA,NA,"228020-99999-1926"
"356","1926-12-22",-26.70000000,-20.60000000,-23.90000000,NA,NA,NA,NA,NA,NA,"228020-99999-1926"
"357","1926-12-23", -6.70000000, -3.30000000, -4.63333333,NA,NA,NA,NA,NA,NA,"228020-99999-1926"
"358","1926-12-24", -3.30000000, -2.80000000, -3.13333333,NA,NA,NA,NA,NA,NA,"228020-99999-1926"
"359","1926-12-25",-11.10000000,  1.10000000, -3.90000000,NA,NA,NA,NA,NA,NA,"228020-99999-1926"
"360","1926-12-26",-12.80000000,  1.10000000, -5.76666667,NA,NA,NA,NA,NA,NA,"228020-99999-1926"
"361","1926-12-27",-10.00000000, -5.00000000, -8.33333333,NA,NA,NA,NA,NA,NA,"228020-99999-1926"
"362","1926-12-28",-13.30000000, -8.90000000,-10.93333333,NA,NA,NA,NA,NA,NA,"228020-99999-1926"
"363","1926-12-29",-17.80000000,-13.90000000,-16.50000000,NA,NA,NA,NA,NA,NA,"228020-99999-1926"
"364","1926-12-30",-24.40000000,-21.70000000,-23.13333333,NA,NA,NA,NA,NA,NA,"228020-99999-1926"
"365","1926-12-31",-17.20000000,-16.70000000,-16.95000000,NA,NA,NA,NA,NA,NA,"228020-99999-1926"
